Provincia,Municipalidad,Participacion electoral municipal (2024),Pobreza Multidimensional (2021),Bienestar de Ninez y Adolescencia (2020),Desiguadad de Genero (2020),Grado de Madurez Urbanismo 2023,Grado de Madurez Alcantarillado Pluvial 2023,Grado de Madurez Alcantarillado Pluvial 2023,Salud,Habilidades y competencias,Dinamismo de mercados,Seguridad,Capital social,Transformación digital,Trámites ágiles,Transparencia municipal,Administración presupuestaria,Infraestructura de transporte,Conectividad vial,Sector laboral,Aprovechamiento de residuos recolectados, Cobertura del servicio  de recolección de residuos ordinario, Cobertura del servicio de recolección de residuos selectivo,Inversión en el servicio de recolección de residuos,Tratamiento de residuos valorizables,Inversión per cápita en protección del medio ambiente,Hogares con acceso a agua potable,Hogares con acceso a agua por tubería,Hogares con acceso a eliminación de basura,Inversión en servicios sociales y complementarios,"Inversión en servicios educativos, culturales y deportivos",Cobertura del servicio de aseo de vías y sitios públicos,Inversión en el servicio de aseo de vías y sitios públicos,Brecha de género en empleo
SAN_JOSE,SAN_JOSE,0.2303,0.4497,0.6606,0.3677,0.7,Básico,0.3,0.614826283,0.565188365,0.65623652,0.493478094,0.495270806,0.451515152,0.81300512,0.348963814,0.714725714,0.18525397,0.616171911,0.763525015,0.022587755,1,0.200048218,7.2111E-05,1,0.069547888,0.955555128,0.938207974,0.957574475,0.8584,0.6845,1,0.008347912,0.925494436
SAN_JOSE,ESCAZU,0.3846,0.4010,0.7024,0.1509,0.9,Básico,0.3,0.692782348,0.598085506,0.533370902,0.855647979,0.755484273,0.298484848,0.689598257,0.406789,0.80526615,0.316907592,0.662674173,0.795042079,0.052118344,1,1,0.08522107,0,0,0.917202527,0.977067092,0.989017242,0.0652,0.8043,0.919980901,0.545459824,0.96718617
SAN_JOSE,DESAMPARADOS,0.2146,0.5310,0.7388,0.3948,0.5,Básico,0.3,0.631278068,0.488614592,0.411019659,0.879853072,0.703595643,0.425757576,0.838022129,0.790579322,0.706941982,0.042463645,0.682921749,0.756602397,0.025963124,1,1,0.013471001,1,0.016332814,0.933894138,0.953022314,0.960197312,0.9373,0.4608,1,0,0.82705951
SAN_JOSE,PURISCAL,0.3483,0.5147,0.7526,0.1360,0.5,No brinda el servicio,,0.765295053,0.566442465,0.289708243,0.870519059,0.648121872,0.565151515,0.743844853,0.400190588,0.749318496,0.141388242,0.739709913,0.711968455,0.03565248,0.911501696,0.911501696,0.091772767,1,0.031160676,0.900696736,0.957902457,0.643270994,0.9463,0.5919,0.029119916,0.099901063,0.591532472
SAN_JOSE,TARRAZU,0.3656,0.5269,0.589,0.5625,0.3,No brinda el servicio,,0.542032474,0.475499894,0.296761694,0.919901278,0.702091692,0.25,0.886837173,0.673936967,0.67523922,0.378319001,0.629631007,0.677294227,0.03975994,1,1,0.159152673,1,0.026009583,0.899214264,0.96237534,0.75445754,0.9634,0.9682,0.5152,0.095338703,0.364538256
SAN_JOSE,ASERRI,0.2916,0.3725,0.7742,0.1554,0.5,Inicial,0.1,0.520742076,0.48355951,0.347766814,0.871379839,0.609912698,0.156060606,0.602032004,0.412011382,0.573773665,0.233447768,0.731028577,0.713531011,0.032566742,0.9401,0.94,1,0,0.010474109,0.910660417,0.968209031,0.93024551,1,1,1,1,0.596884141
SAN_JOSE,MORA,0.3369,0.2332,0.8412,0.2023,0.5,No brinda el servicio,,0.790451003,0.614876442,0.320695599,0.879935016,0.639551759,0.189393939,0.795569222,0.164210526,0.720542442,0.107855908,0.751347394,0.736937964,0.006889088,1,0.6104,0.050852763,0,0.015147799,0.936033666,0.962230405,0.93161494,0.6964,0.5128,1,0.113691107,0.67218629
SAN_JOSE,GOICOECHEA,0.2339,0.5878,0.7323,0.1543,0.9,Intermedio,0.5,0.661182812,0.495002855,0.430569706,0.801685324,0.678617929,0.372727273,0.777048017,0.557097131,0.675464673,0.565263929,0.66895021,0.77788991,0.007115253,1,0.447973426,0.081856211,1,0.123102376,0.952642129,0.948298903,0.964251907,0.8468,0.8499,0.995373685,0,1
SAN_JOSE,SANTA_ANA,0.3701,0.3459,0.5876,0.1611,0.7,No brinda el servicio,,0.788497615,0.558688195,0.513248962,0.816739715,0.671128718,0.471212121,0.826338453,0.659922993,0.786719414,0.368596637,0.577602265,0.791870314,0.041944561,1,1,0.032131963,1,0.441356268,0.922421661,0.974901126,0.985320961,0.8073,0.8267,0.64975474,0,0.922292692
SAN_JOSE,ALAJUELITA,0.2238,0.6000,0.5856,0.1543,0.5,Inicial,0.1,0.581746888,0.426090844,0.372331372,0.841338522,0.703560806,0.377272727,0.78200768,0.761896835,0.738841954,0.22211785,0.70141663,0.761692093,0.001370796,1,0.0252,0.015111917,0,0.003697865,0.955680419,0.933047129,0.970390479,0.8408,0.7165,1,0,0.909982822
SAN_JOSE,VASQUEZ_DE_CORONADO,0.2445,0.5553,0.835,0.1303,0.5,No brinda el servicio,,0.709816174,0.532830409,0.393591364,0.897973297,0.619024587,0.216666667,0.462342293,0.550771792,0.70011824,0.200899224,0.634251306,0.744025114,0.004376646,1,1,0.062202468,0,0.034288872,0.934195965,0.949859539,0.962032859,0.6252,0.8308,1,0.040235145,0.811725079
SAN_JOSE,ACOSTA,0.3823,0.4619,0.8543,0.1589,0.1,No brinda el servicio,,0.563033254,0.517154961,0.248808281,0.956196971,0.651647058,0.263636364,0.283870452,0.404277928,0.544502259,0.154493242,0.712533089,0.686327708,0.068415831,0.948356808,0.948356808,0.079815988,1,0.006319095,0.900439078,0.970801317,0.683863886,0.7299,0.668,0.027300027,0.441874902,0.30319721
SAN_JOSE,TIBAS,0.2599,0.3459,0.508,0.1646,0.3,Inicial,0.1,0.663189108,0.55855263,0.447891893,0.798838464,0.711597463,0.16969697,0.617014079,0.398869572,0.733505221,0.351782509,0.639230758,0.812719268,0.025205366,0.9908,0.9908,0.073932873,1,0.059686761,0.964491038,0.963621431,0.969177255,0.5818,0.4742,0.689998756,0.080169383,0.964058003
SAN_JOSE,MORAVIA,0.2685,0.5756,0.8696,0.1234,0.5,No brinda el servicio,,0.689583175,0.623617844,0.434218118,0.832776754,0.726766441,0.593939394,0.633017919,0.410350686,0.793519136,0.373008342,0.682868468,0.769125081,0.01865434,0.983222867,0.983222867,0.007345187,0,0.06717135,0.948213361,0.972035215,0.980764963,0.7258,0.8275,0.60015911,0.117495972,0.842486746
SAN_JOSE,MONTES_DE_OCA,0.27,0.4741,0.7287,0.1131,0.5,Inicial,0.1,0.892789434,0.702011568,0.484343917,0.643018087,0.703102028,0.515151515,0.589015359,0.759203272,0.803820167,0.207093497,0.596715587,0.807112418,0.059108898,1,1,0.09431458,1,0.089691137,0.899275181,0.932600183,0.952678497,0.9291,0.9018,1,0.106040418,0.955309231
SAN_JOSE,TURRUBARES,0.6084,0.5066,0.7251,0.2333,0.3,No brinda el servicio,,0.667223622,0.456104898,0.25533253,0.620148118,0.402973915,0.140909091,0.743844853,0.226797658,0.59267307,0.161221174,0.766077812,0.647448174,0.011712038,0.9209,0.9209,0.043748831,1,0.312795673,0.908504176,0.949886105,0.739939256,0.6632,0,1,0,0.320195517
SAN_JOSE,DOTA,0.4952,0.4213,0.7632,0.3315,0.3,Inicial,0.1,0.357689098,0.540839789,0.266351234,0.93134667,0.792804968,0.233333333,0.705199436,0.286058916,0.761272875,0.564264077,0.604251402,0.669748637,0.158624717,0.638341264,0.638341264,0.077648017,0,0.029423711,0.587961423,0.973395411,0.782174925,0,1,0.259680904,1,0.345970577
SAN_JOSE,CURRIDABAT,0.2542,0.3658,0.7335,0.1486,0.5,Inicial,0.1,0.779861752,0.591196505,0.439391571,0.808351842,0.64745719,0.468181818,0.935869173,0.433178234,0.766409488,0.248454042,0.594035355,0.755841371,0.004256146,1,1,0.09526544,1,0.278777473,0.971580644,0.963816593,0.979735339,0.6503,0.7214,1,0.083565239,0.856166934
SAN_JOSE,PEREZ_ZELEDON,0.317,0.4457,0.672,0.1840,0.5,Inicial,0.1,0.68152015,0.561869594,0.418967392,0.806632001,0.608715664,0.139393939,0.790128566,0.387128867,0.795779378,0.256593186,0.545605178,0.688372182,0.043414509,0.695111081,0.695111081,0.162684014,1,0.076513743,0.899200502,0.97580603,0.599153472,0.9059,0.9239,0.060334894,0.25995311,0.355997664
SAN_JOSE,LEON_CORTES_CASTRO,0.425,0.4538,0.6524,0.1897,0.3,Inicial,0.1,0.651482077,0.607788257,0.243779246,0.91580598,0.494775974,0.03030303,0.770517919,0.307308004,0.644617916,0.225482597,0.642321007,0.618204412,0.099714017,1,1,0.367812544,1,0.037910041,0.879568264,0.96951335,0.71747775,0,0.1758,1,0.422259917,0.132538518
ALAJUELA,ALAJUELA,0.2849,0.4903,0.755,0.2721,0.5,Inicial,0.1,0.606393448,0.507433087,0.680711274,0.685829489,0.650740222,0.487878788,0.784396278,0.421810827,0.67520942,0.26521606,0.606326638,0.737614769,0.013698661,1,1,0.026522621,0,0.046048194,0.888231131,0.958882955,0.966733157,0.4561,0.551,1,0.1,0.692528156
ALAJUELA,SAN_RAMON,0.3771,0.4091,0.7285,0.2204,0.5,No brinda el servicio,,0.643054349,0.587288594,0.414892523,0.755079213,0.641997209,0.342424242,0.623246261,0.374493983,0.729987809,0.119954686,0.735549641,0.70660595,0.009335069,1,1,0.000655009,0,0.054346566,0.93654478,0.969312393,0.914177192,0.7802,0.9843,1,0.020619901,0.644127816
ALAJUELA,GRECIA,0.34,0.5269,0.7858,0.2165,0.5,No brinda el servicio,,0.678182126,0.565583473,0.471459367,0.786992939,0.700899836,0.327272727,0.446615676,0.479311959,0.852231124,0.487600971,0.669253525,0.706068469,0.024647303,1,0.368891514,0.206386493,1,0.044107991,0.930771455,0.975272938,0.912659967,0.3097,0.7498,1,0.234067328,0.5290136
ALAJUELA,SAN_MATEO,0.5375,0.4457,0.6342,0.1497,0.3,No brinda el servicio,,0.790130671,0.513878931,0.321151691,0.804633255,0.619975867,0.077272727,0.588262344,0.45686731,0.639868567,0.143736981,0.760339214,0.634020411,0.020130851,1,0.891014074,0.077224873,1,0.030321725,0.87595057,0.929657795,0.83460076,0.3729,0.9854,1,0.075187184,0.317880325
ALAJUELA,ATENAS,0.5014,0.5228,0.8952,0.2126,0.3,Inicial,0.1,0.805669241,0.597416753,0.373392492,0.767159196,0.676151407,0.127272727,0.468844853,0.37586255,0.763349695,0.421177771,0.69025822,0.72393253,0.067197739,1,1,0.090911213,1,0.070356448,0.839112499,0.96643996,0.938789163,0.7007,0.9989,1,0.102519201,0.502607619
ALAJUELA,NARANJO,0.3802,0.5269,0.8221,0.4853,0.3,No brinda el servicio,,0.677320258,0.619527327,0.372502003,0.866852951,0.655987137,0.015151515,0.648011519,0.411514335,0.810430401,0.321841415,0.734631245,0.700299825,0.021195172,1,1,0.162,0,0.006374862,0.903775322,0.973987109,0.959714549,0.8791,0.5893,0.567484663,0.0627,0.531242989
ALAJUELA,PALMARES,0.4243,0.4254,0.8378,0.1840,0.7,Inicial,0.1,0.603591454,0.585231498,0.385565556,0.888915614,0.608216909,0.716666667,0.798011519,0.568297202,0.724181659,0.477141881,0.718734424,0.75420844,0.011671431,1,1,0,1,0.034750214,0.854863573,0.973870819,0.960767689,0.6473,0.2132,1,0,0.63791298
ALAJUELA,POAS,0.3601,0.5472,0.726,0.1611,0.3,Inicial,0.1,0.676250043,0.506602421,0.38330606,0.801489679,0.649491059,0,0.610511519,0.42873013,0.737551382,0.398442529,0.737917181,0.711828008,0.052636185,1,0.956257473,0,1,0.00940873,0.967801442,0.976354184,0.974341774,0.563,0.9253,1,0,0.548505713
ALAJUELA,OROTINA,0.3376,0.6309,0.5477,0.2501,0.3,No brinda el servicio,,0.584302254,0.503405743,0.348022747,0.602547666,0.601847605,0.465151515,0.777668382,0.47648929,0.720891276,0.227212034,0.6219416,0.720264321,0.027934911,0.8445,0.4417,0.047790682,1,0.019187272,0.962999385,0.970129072,0.93275968,0.6076,0.8852,0.372880854,0,0.640747009
ALAJUELA,SAN_CARLOS,0.3402,0.6030,0.6407,0.4443,0.5,No brinda el servicio,,0.536473863,0.50617925,0.530259494,0.820528496,0.590080019,0.606060606,0.939835893,0.498402085,0.828328949,0.509389721,0.705480722,0.64139413,0.094928422,0.522483654,0.505226171,0.041803419,1,0.081748447,0.913412821,0.955928516,0.697998128,0.8501,0.9229,1,0.12914643,0.296242408
ALAJUELA,ZARCERO,0.4496,0.4497,0.7834,0.1954,0.3,No brinda el servicio,,0.703739249,0.572644747,0.371285872,0.904452854,0.558670826,0.095454545,0.664678186,0.413308194,0.703348881,0.272844328,0.701556359,0.692060001,0.026458846,1,1,0.100319479,0,0.038727339,0.956521739,0.981794817,0.947740416,0.6847,0.3331,0.009260467,0.075535399,0.312057325
ALAJUELA,SARCHI,0.495,0.4457,0.7853,0.2036,0.7,No brinda el servicio,,0.707225877,0.588138444,0.387496168,0.876886805,0.53244058,0.372727273,0.661865607,0.389434402,0.77224539,0.328882286,0.734012874,0.705511339,0.035245976,0.087779949,0.087779949,0.101286854,0,0.092401619,0.954563007,0.975028961,0.970266444,0.5888,0.738,1,0.09985373,0.681473149
ALAJUELA,UPALA,0.3529,0.7363,0.3687,0.4818,0.3,No brinda el servicio,,0.532963915,0.429711952,0.334749258,0.784836566,0.498086904,0.298484848,0.674437375,0.341323671,0.677365915,0.098994425,0.646202664,0.573296318,0.026946108,0.640232937,0.640232937,0.028135776,1,0.048142714,0.926455239,0.916820554,0.302288238,0.624,0.796,1,0.096731636,0.221435071
ALAJUELA,LOS_CHILES,0.409,0.6149,0.2781,0.5122,0.3,Inicial,0.1,0.518152423,0.358608668,0.351398021,0.796061148,0.363792881,0.171212121,0.728991912,0.81505126,0.631511043,0.144968805,0.633548921,0.557559964,0.080718482,0.437746333,0.512373199,0,1,0.049554722,0.826628057,0.837717947,0.26695829,0.7887,0.1728,0.564568934,0,0.131477196
ALAJUELA,GUATUSO,0.4802,0.3459,0.5388,0.5696,0.3,No brinda el servicio,,0.5682927,0.399464153,0.26465011,0.875954149,0.55384444,0.031818182,0.674684586,0.6353949,0.559183228,0.191223881,0.677894383,0.531472224,0.029353171,0,0,0,0,0.029235044,0.957519116,0.959096978,0.418133269,1,0.9586,0,0,0
ALAJUELA,RIO_CUARTO,0.4687,0.4376,0.7254,0.2320,0.5,No brinda el servicio,,0.525677401,0.345453254,0.42339178,0.806111983,0.568096964,0.156060606,0.802116595,0.494594912,0.675059644,0.475320092,0.679217215,0.639344241,0.439336814,0,0,0,1,0.011163243,0.955406912,0.946859903,0.448160535,0.1274,0.9675,0,0,0.384323291
CARTAGO,CARTAGO,0.3403,0.2531,0.8116,0.3328,0.7,Básico,0.3,0.658964359,0.617472307,0.615845499,0.777339559,0.73430965,0.657575758,0.807994421,0.489068783,0.7705453,0.452586998,0.689939446,0.734126323,0.002277368,1,0.028566595,0.554670219,1,0.397103594,0.880313919,0.979155494,0.970145518,0.7298,0.7781,1,0.229184785,0.639884464
CARTAGO,PARAISO,0.3872,0.5350,0.8886,0.1897,0.5,No brinda el servicio,,0.60478488,0.536775591,0.448689703,0.90004167,0.59480768,0.295454545,0.667600358,0.617704192,0.800930235,0.332285654,0.68022126,0.715733812,0.004982593,1,0.1725,0.03371,1,1,0.90988449,0.978573318,0.980336831,0.4402,0.8529,1,0.018648621,0.48687412
CARTAGO,LA_UNION,0.252,0.5066,0.7242,0.3638,0.7,Inicial,0.1,0.66300979,0.525837268,0.451306862,0.869749414,0.70067297,0.389393939,0.733807741,0.394035796,0.795927681,0.606644365,0.688055718,0.765273959,0.034123188,1,1,0.091215803,1,0.130132919,0.867578348,0.971566952,0.977863248,0.5366,0.6519,0.093033983,0.040287326,0.799165362
CARTAGO,JIMENEZ,0.5109,0.6846,0.7241,0.1886,0.3,No brinda el servicio,,0.424174917,0.55801121,0.291402539,0.83049003,0.521493269,0.218181818,0.782077626,0.587156765,0.702814446,0.168182327,0.692990712,0.609878591,0.038170714,0.90199674,0.90199674,0.242743398,0,0.011807104,0.895612708,0.971255673,0.938880484,0,0.9334,1,0.79057832,0.191772731
CARTAGO,TURRIALBA,0.3558,0.6249,0.3834,0.2604,0.3,No brinda el servicio,,0.542130643,0.55717641,0.364280758,0.788529094,0.628941975,0.577272727,0.683838453,0.357280155,0.695933897,0.186228067,0.676639476,0.624238479,0.024249369,0.53443894,0.53443894,0.225679067,1,0.01009344,0.770410346,0.902464708,0.761130672,0.9945,0.7271,1,0.071161223,0.334196001
CARTAGO,ALVARADO,0.4278,0.4294,0.8084,0.1874,0.3,No brinda el servicio,,0.558825061,0.510114797,0.353306393,0.895711231,0.592085071,0.015151515,0.345517919,0.433562821,0.719315563,0.526103024,0.675050149,0.671636385,0.174741761,1,1,1,0,0.024298173,0.592854338,0.984295249,0.982528465,0,0.912087,0.81526877,1,0.338980127
CARTAGO,OREAMUNO,0.3211,0.4416,0.8672,0.4443,0.5,No brinda el servicio,,0.586262779,0.520961938,0.432377554,0.878412458,0.660069828,0.25,0.63633922,0.446827786,0.758224797,0.217705773,0.673259321,0.71235164,0.002482408,1,0,0,1,0.103616737,0.909880143,0.985357953,0.987107224,0.6678,0.9957,1,0.036326155,0.48896647
CARTAGO,EL_GUARCO,0.349,0.3725,0.8359,0.4361,0.5,No brinda el servicio,,0.661870905,0.507937392,0.439842221,0.81331436,0.709662187,0.390909091,0.581053569,0.300556262,0.607182471,0.398968332,0.63347368,0.742961896,0.005643455,1,0.309348512,0.250085977,1,0.040259282,0.927706815,0.982745937,0.919815422,0.5701,0.969,1,0.823519984,0.573993705
HEREDIA,HEREDIA,0.2324,0.5228,0.7626,0.1749,0.5,No brinda el servicio,,0.716489282,0.647270086,0.636265054,0.691695784,0.679440882,0.698484848,0.825361853,0.782446371,0.770173297,0.291175286,0.687134526,0.781941197,0.021494157,1,1,0.060312621,1,0.047472799,0.875457099,0.973581006,0.980550109,0.7843,0.7118,0.817747268,0.141769341,0.918842364
HEREDIA,BARVA,0.366,0.2332,0.9449,0.1486,0.5,No brinda el servicio,,0.719907618,0.597860107,0.426025651,0.80677665,0.615735896,0.301515152,0.803575103,0.348358243,0.745924201,0.282226226,0.730177845,0.793887069,0.023461697,1,0.966991643,0.076361544,1,0.010704509,0.960207987,0.97595147,0.986278616,0.7336,0.3738,1,0.350200064,0.840176461
HEREDIA,SANTO_DOMINGO,0.3076,0.2265,0.9067,0.1257,0.3,No brinda el servicio,,0.714793049,0.627461336,0.50600977,0.806098281,0.673407682,0.046969697,0.589714532,0.235223175,0.640142469,0.299042156,0.624769415,0.78224778,0.046204041,1,1,0.158077825,1,0.405763412,0.891954847,0.970166637,0.977065042,1,0.7103,1,0.998590693,0.797027744
HEREDIA,SANTA_BARBARA,0.3075,0.3725,0.8692,0.4385,0.3,No brinda el servicio,,0.649741854,0.51201216,0.37872397,0.803350842,0.700778148,0.151515152,0.519118892,0.225157804,0.682558184,0.308513026,0.729563906,0.733288629,0.011076358,1,1,0.082923095,1,0.026523318,0.687004319,0.98138987,0.980369062,0.5709,0.4701,1,0.352148344,0.644037633
HEREDIA,SAN_RAFAEL,0.3091,0.2796,0.8703,0.1303,0.5,No brinda el servicio,,0.747411663,0.5341345,0.454981945,0.83945156,0.664565164,0.468181818,0.792837296,0.414265373,0.737657049,0.416034345,0.715825261,0.771081685,0.162404793,1,0.85,0.040763059,1,0.059877361,0.944247715,0.97117681,0.976117928,0.804,0.9776,0.292840968,0,0.89726046
HEREDIA,SAN_ISIDRO,0.3775,0.2531,1,0.1120,0.7,Inicial,0.1,0.772018074,0.567655185,0.413770388,0.862354056,0.632772888,0.48030303,0.831344853,0.46270375,0.725919897,0.54305484,0.719851575,0.745145087,0.18504397,1,0.973006135,0.008158805,1,0.243174483,0.976344086,0.978648233,0.98202765,0.6572,0.7456,1,0.097409866,0.705282754
HEREDIA,BELEN,0.4153,0.6488,0.8825,0.1303,0.7,Inicial,0.1,0.799719349,0.619833135,0.62936271,0.789846353,0.660223797,0.734848485,0.722253944,0.601488295,0.840269431,0.478841092,0.507335583,0.779872993,0.045765488,1,1,1,0,0.391819426,0.868222078,0.973428386,0.983365738,0.709,0.9641,1,0.111378425,0.767793347
HEREDIA,FLORES,0.3519,0.5188,0.8021,0.0834,0.5,Básico,0.3,0.723401801,0.616260512,0.469769243,0.831603822,0.619972254,0.386363636,0.702335893,0.41720808,0.771366187,0.682853455,0.554406556,0.775598784,0.028879598,1,1,0.840150672,0,0.073394627,0.958781913,0.974776992,0.979083359,0.2824,0.4502,1,0.494979274,0.844844093
HEREDIA,SAN_PABLO,0.3108,0.2531,0.9514,0.1783,0.7,Básico,0.3,0.832647725,0.593082456,0.495156633,0.848284594,0.647061446,0.374242424,0.805029063,0.362391553,0.832039892,0.543640204,0.60770638,0.81545712,0.032954155,1,1,0.048785523,0,0.100231718,0.961258805,0.97284708,0.976709839,0.6325,0.7097,1,0.130793001,0.905687401
HEREDIA,SARAPIQUI,0.34,0.6448,0.5438,0.2411,0.1,No brinda el servicio,,0.566019652,0.409560026,0.365150751,0.799803059,0.561461172,0.048484848,0.524622995,0.425405068,0.640524802,0.121036935,0.673044199,0.627564809,0.0185,1,0,0.102124883,1,0.045036668,0.684281442,0.864602846,0.730881725,0.4912,0.5568,1,0.079437681,0.38889563
GUANACASTE,LIBERIA,0.2792,0.6030,0.5861,0.2462,0.5,No brinda el servicio,,0.534483071,0.570193462,0.48042501,0.632467081,0.623611984,0.298484848,0.819137688,0.358485176,0.726482017,0.264303532,0.699558288,0.69933921,0.014458874,1,1,0.085051255,1,0.010002038,0.899529227,0.900039231,0.879639074,0.4666,0.4601,1,0,0.730551912
GUANACASTE,NICOYA,0.3743,0.4822,0.6305,0.4794,0.3,No brinda el servicio,,0.6113338,0.518276136,0.382816091,0.728082952,0.491049712,0.221212121,0.644417736,0.219739255,0.725384614,0.107436299,0.67579752,0.70632249,0.03989748,0.770793771,0,0.978000679,1,0.266527864,0.895191689,0.932012503,0.495908798,0.982,0.9786,1,0.104536948,0.789831161
GUANACASTE,SANTA_CRUZ,0.3714,0.4619,0.5951,0.2204,0.3,No brinda el servicio,,0.579555985,0.540664693,0.435020026,0.641414561,0.445321642,0.504545455,0.650104049,0.378238168,0.696483378,0.448858981,0.647906531,0.718642378,0.015638689,0.9473,0,0.177758486,1,0.712537645,0.899526387,0.930522666,0.844468877,0.861,0.6315,0.374025974,0.180113935,0.853921172
GUANACASTE,BAGACES,0.3271,0.2597,0.4467,0.2049,0.5,No brinda el servicio,,0.661149183,0.477276291,0.33233798,0.801004388,0.56142626,0.295454545,0.87882913,0.519780635,0.558117356,0.268498804,0.723039891,0.625743221,0.024029977,0.7418,0.3225,0.042,1,0.111096903,0.927125079,0.935562118,0.745517823,0.8299,0.9226,0.271631014,0.124267109,0.288896455
GUANACASTE,CARRILLO,0.3543,0.4457,0.6631,0.2191,0.3,No brinda el servicio,,0.525322004,0.470155427,0.454125863,0.792162351,0.448001147,0.407575758,0.517203785,0.737487531,0.583167767,0.407669463,0.54779671,0.689442844,0.033105913,0.6309,0.58,0.112238169,1,0.134793611,0.922363562,0.899138285,0.860237998,1,0.7926,0.123552124,0,0.650581165
GUANACASTE,CANAS,0.3248,0.5025,0.7638,0.1977,0.5,No brinda el servicio,,0.572536159,0.522111219,0.397283701,0.757147879,0.552782026,0.112121212,0.76150256,0.352241331,0.692612162,0.252985483,0.741354715,0.647552271,0.05902663,0.97844281,0.481612985,0.013780116,1,0.125054025,0.919430471,0.9518288,0.8486657,1,0.696,1,0.119711094,0.388314954
GUANACASTE,ABANGARES,0.4712,0.4579,0.6623,0.2449,0.3,No brinda el servicio,,0.58162029,0.474679776,0.374471128,0.8844271,0.485962839,0.075757576,0.699337173,0.397986196,0.655320497,0.127041354,0.635170659,0.643699973,0.054487179,0.833126551,0.833126551,0,1,0.219170626,0.880971233,0.946819741,0.888097123,0.9994,0.8881,0.026411084,0,0.363404746
GUANACASTE,TILARAN,0.4184,0.4172,0.6737,0.1383,0.1,No brinda el servicio,,0.691708584,0.536618534,0.331182617,0.814245556,0.49835668,0.342424242,0.685669227,0.365262095,0.637840739,0.24197507,0.658105984,0.674381944,0.022996175,0.7281,0.7281,0.039480599,1,0.117229489,0.883144388,0.96187866,0.770773639,0.7595,0.9734,0,0.232218033,0.321142188
GUANACASTE,NANDAYURE,0.5834,0.4335,0.5033,0.1303,0.5,No brinda el servicio,,0.682686973,0.499759098,0.311422533,0.945771357,0.505840479,0,0.833175626,0.217758429,0.619272181,0.186721903,0.639433609,0.670031023,0.439336814,0.440457719,0.6159,0.885070588,0,0,0.889900487,0.955325005,0.407579928,1,0.9761,0,0,0.356124579
GUANACASTE,LA_CRUZ,0.3676,0.4335,0.3164,0.2734,0.1,No brinda el servicio,,0.573418347,0.394009422,0.310076035,0.81385065,0.380792723,0.093939394,0.587912649,0.346923334,0.720270884,0.425971248,0.658668155,0.603207209,0.008716682,0.475676346,0.475676346,0,0,0.250731782,0.876513581,0.892549362,0.664012218,0.6221,0.8107,1,0,0.392875086
GUANACASTE,HOJANCHA,0.5215,0.4863,0.5676,0.1886,0.3,No brinda el servicio,,0.851976697,0.551302067,0.267238665,0.889342172,0.386146166,0.310606061,0.81900256,0.415859714,0.681754246,0.390628103,0.669728518,0.653153274,0.037766152,1,1,0.050808596,1,0.214952049,0.876312336,0.956036745,0.604002625,0.8242,0.9689,0.361672376,0.103831397,0.469883679
PUNTARENAS,PUNTARENAS,0.3328,0.4051,0.6608,0.2256,0.1,Inicial,0.1,0.540908208,0.5459031,0.45642366,0.684445853,0.627851378,0.168181818,0.396338453,0.264738636,0.483336538,0.144675747,0.698699724,0.687394098,0.003888734,0.9709,0,0.053121237,0,0.086161378,0.924865669,0.945360151,0.794782893,0.5477,0,0.8862,0.0978,0.737270113
PUNTARENAS,ESPARZA,0.4343,0.1900,0.731,0.1909,0.7,No brinda el servicio,,0.738282041,0.498951939,0.327177144,0.793434432,0.498732699,0.577272727,0.882358366,0.474523378,0.800745681,0.235028796,0.693016042,0.699905984,0.029105549,1,1,0.074412771,1,0.187866225,0.914979757,0.958444733,0.922694981,0.8964,0.8499,0.788542818,0.076312742,0.666690089
PUNTARENAS,BUENOS_AIRES,0.2943,0.4091,0.3278,0.1806,0.3,No brinda el servicio,,0.606820434,0.445772348,0.327178169,0.884113618,0.593840423,0.218181818,0.692509634,0.505546573,0.67990468,0.30916743,0.489683994,0.57888277,0.232122529,0,0.1996,0.012694177,1,0.033905452,0.748952363,0.914647657,0.408169163,0.9133,0.8654,0.984167857,0.089623651,0.090030799
PUNTARENAS,MONTES_DE_ORO,0.5226,0.4091,0.8992,0.1714,0.3,No brinda el servicio,,0.503450244,0.571547401,0.378913652,0.812622708,0.420700756,0.374242424,0.748011519,0.343597796,0.699307943,0.241733142,0.664684805,0.679959539,0.018771102,0.9681,0.3414,0.406799247,1,0,0.883690708,0.980344379,0.891163093,0.701,0.7739,0,0,0.329496756
PUNTARENAS,OSA,0.4206,0.2730,0.3991,0.2294,0.5,No brinda el servicio,,0.533099875,0.473938178,0.343119083,0.540691629,0.607168538,0.171212121,0.968844853,0.494036794,0.675309451,0.288952692,0.519623247,0.642031898,0.013157337,0.8666,0.8666,0,1,0.269471123,0.742756278,0.917271698,0.798374742,0.5765,1,0.5915,0.00784514,0.483752929
PUNTARENAS,QUEPOS,0.4168,0.3725,0.6442,0.1977,0.3,No brinda el servicio,,0.50145633,0.441265486,0.327441589,0.45858108,0.606657069,0.186363636,0.649842293,0.27012132,0.718173411,0.264104729,0.65052225,0.702158687,0.05267532,0.8871057,0.8871057,0,1,0.295965583,0.881047492,0.93186862,0.887853233,0.8199,0.5968,0.961624876,0,0.609959402
PUNTARENAS,GOLFITO,0.346,0.4335,0.4198,0.1771,0.3,No brinda el servicio,,0.553343052,0.485720509,0.334516484,0.729878265,0.571558189,0,0.72550512,0.521056156,0.721911824,0.288810619,0.420086101,0.687530325,0.140611844,0.754,0.754,0.820049334,1,0.027260988,0.794191287,0.901630223,0.789406332,0,1,1,0.648214847,0.535745223
PUNTARENAS,COTO_BRUS,0.3999,0.3791,0,0.2372,0.3,No brinda el servicio,,0.46954773,0.478990234,0.316049537,0.81550623,0.651218241,0.075757576,0.77850384,0.380048744,0.602855084,0.141835422,0.406501202,0.619348059,0.013613479,0.3891,0,0.253405592,1,0.105517302,0.859446073,0.859951481,0.521429293,0.9074,0,1,0.2226,0.339061008
PUNTARENAS,PARRITA,0.471,0.4619,0.6123,0.2385,0.5,No brinda el servicio,,0.595622231,0.40714143,0.333547909,0.537610851,0.403616079,0.172727273,0.695953087,0.37776428,0.713103217,0.086559506,0.669069766,0.671604346,0.00205153,1,0,0.090484317,1,0.0285649,0.884875153,0.951289398,0.734752354,0.9443,0.3295,1,0.011894665,0.458864321
PUNTARENAS,CORREDORES,0.3029,0.7124,0.4196,0.1943,0.3,Inicial,0.1,0.454008049,0.447127345,0.421767749,0.700549364,0.59428862,0.171212121,0.797127816,0.30683,0.576829094,0.142979259,0.424359409,0.683656727,0.014638437,0.821835043,0.821835043,0,1,0.133298371,0.827750162,0.915550032,0.716014696,0.5865,0.0395,0.030686467,0.057298453,0.453419343
PUNTARENAS,GARABITO,0.3874,0.3725,0.4105,0.2281,0.1,No brinda el servicio,,0.361723291,0.425436947,0.371568996,0.184322535,0.406525118,0.266666667,0.679925382,0.267528725,0.689562539,0.363060719,0.595623585,0.717544884,0.006238885,1,0.0132,0.045365588,1,0.008924188,0.915629667,0.932055749,0.918242907,0.9175,0.6058,0.1226,0,0.882238761
PUNTARENAS,MONTEVERDE,0.5568,,,,,,,,,,,,,,,,,,,,,,,,,,,,,,,,
PUNTARENAS,PUERTO_JIMENEZ,0.4496,,,,,,,,,,,,,,,,,,,,,,,,,,,,,,,,
LIMON,LIMON,0.3176,0.8123,0.5147,0.4069,0.1,No brinda el servicio,,0.38799588,0.561461756,0.372879716,0.62502878,0.643771803,0.595454545,0.49448515,0.494451587,0.55877891,0.329772653,0.526364702,0.672658042,0,0.9307,0,0.109827413,1,0.051167554,0.799088751,0.884811612,0.744413827,0.6704,0.7709,1,0.083040336,0.676323162
LIMON,POCOCI,0.2735,0.5228,0.5558,0.2010,0.5,No brinda el servicio,,0.548044515,0.464772912,0.467501387,0.729245991,0.593662174,0.265151515,0.859254549,0.893894239,0.65663144,0.189131325,0.639891853,0.653830684,0.033811865,0.33359034,0.33359034,0.113477509,1,0.008682839,0.777006881,0.928402141,0.639506881,1,0.2734,1,0,0.416015065
LIMON,SIQUIRRES,0.3242,0.6010,0.576,0.1909,0.5,No brinda el servicio,,0.567923939,0.433725751,0.38847412,0.708814194,0.554536417,0.516666667,0.77267033,0.728812501,0.683572121,0.426260703,0.556943719,0.625526906,0.042061537,1,1,0.117072638,1,0.003148959,0.787912541,0.916625413,0.576938944,0.8494,0.6564,1,0.108642882,0.298946947
LIMON,TALAMANCA,0.4351,0.7960,0.0032,0.2307,0.1,No brinda el servicio,,0.367296695,0.425253026,0.27843125,0.573030434,0.461144972,0.322727273,0.283333333,0.855135289,0.579544464,0.224918733,0.514779445,0.625593721,0.022176559,0,0,0.087610931,1,0.029469999,0.568718186,0.691115224,0.363489125,0.7184,0.9937,0,0,0.527608889
LIMON,MATINA,0.3846,0.1700,0.5001,0.2036,0.1,No brinda el servicio,,0.348720721,0.37556023,0.303388808,0.55573064,0.478172794,0.325757576,0.664492748,0.365221661,0.500845359,0.620785625,0.547934542,0.605117454,0.023031216,0.6879,0.0105,0,1,0.057224517,0.7711869,0.846066258,0.760776446,0.7821,0.6447,0.092924455,1,0.259423621
LIMON,GUACIMO,0.3511,0.6368,0.6335,0.1989,0.5,No brinda el servicio,,0.609971803,0.46817954,0.405415503,0.758918272,0.586746308,0.204545455,0.699842293,0.419604845,0.659738606,0.055961888,0.617460373,0.613744964,0.024433261,0.507666169,0.0438,1,1,0.015393476,0.791731128,0.942331288,0.704027741,0.7641,0.8203,0.008876227,1,0.234096884
